<?xml version="1.0" encoding="utf-8"?>
<odoo>
<data >
		
		<record id="group_send_whatsapp_quick" model="res.groups">
			<field name="name">Send Whatsapp Quick</field>
		</record>
		<record id="group_sales_whatsapp_feature" model="res.groups">
			<field name="name">Sales Whatsapp Feature</field>
		</record>
		<record id="group_purchase_whatsapp_feature" model="res.groups">
			<field name="name">Purchase Whatsapp Feature</field>
		</record>
		<record id="group_stock_whatsapp_feature" model="res.groups">
			<field name="name">Stock Whatsapp Feature</field>
		</record>
		<record id="group_account_whatsapp_feature" model="res.groups">
			<field name="name">Account Whatsapp Feature</field>
		</record>
	
		<record id="group_crm_whatsapp_msg_feature" model="res.groups">
			<field name="name">CRM Whatsapp Feature</field>
		</record>
		
</data>
</odoo>
